donors,mean,donations,in_state_donors_count,oo_state_donors_count,in_state_donations_amt,oo_state_donations_amt,name,org_id,office,district,CO_ID,party,jurisdiction,race_id,declared_year
14,95.36642857142856,15,8.0,6.0,166.25125,0.8533333333333334,"ROUPE, CATHERINE",40135,Colorado House,House District 17,20075639668.0,Republican,STATEWIDE,1224,2018.0
14,95.36642857142856,15,8.0,6.0,166.25125,0.8533333333333334,"ROUPE, CATHERINE",40019,Colorado House,House District 17,20075639668.0,Republican,STATEWIDE,1485,2018.0
10,447.5,10,9.0,1.0,477.77777777777777,175.0,"JAHN, CHERI",39472,Colorado Senate,Senate District 20,20095603352.0,Unaffiliated,STATEWIDE,1070,2018.0
10,447.5,10,9.0,1.0,477.77777777777777,175.0,"JAHN, CHERI",34244,Colorado Senate,Senate District 20,20095603352.0,Unaffiliated,STATEWIDE,2790,2016.0
143,-8.223776223776223,290,136.0,7.0,-14.154411764705882,107.0,"PABON, DANIEL",36896,Colorado House,House District 04,20095609478.0,Democratic,STATEWIDE,468,2017.0
132,210.71969696969697,138,117.0,15.0,210.3846153846154,213.33333333333334,"KRAFT-THARP, TRACY",37133,Colorado House,House District 29,20115021701.0,Democratic,STATEWIDE,1771,2017.0
62,204.1290322580645,62,55.0,7.0,206.56363636363636,185.0,"ROSENTHAL, PAUL",37976,Colorado House,House District 09,20115022032.0,Democratic,STATEWIDE,2103,2017.0
26,109.19269230769231,26,21.0,5.0,130.42904761904762,20.0,"MASON, ELMER ""JIM""",37679,SCHOOL BOARD DIRECTOR,COLORADO SPRINGS 11,20115022120.0,Non-Partisan,EL PASO,1885,2017.0
26,109.19269230769231,26,21.0,5.0,130.42904761904762,20.0,"MASON, ELMER ""JIM""",38951,SCHOOL BOARD DIRECTOR,COLORADO SPRINGS 11,20115022120.0,Non-Partisan,EL PASO,1012,2017.0
107,142.16841121495324,114,98.0,9.0,141.96887755102037,144.3411111111111,"FOOTE, MIKE",36974,Colorado House,House District 12,20115022149.0,Democratic,STATEWIDE,532,2017.0
35,227.14285714285714,37,34.0,1.0,227.94117647058823,200.0,"MELTON, JOVAN",37253,Colorado House,House District 41,20115022909.0,Democratic,STATEWIDE,2666,2017.0
37,193.3783783783784,38,26.0,11.0,227.69230769230768,112.27272727272727,"GINAL, JOANN",36938,Colorado House,House District 52,20115022911.0,Democratic,STATEWIDE,3032,2017.0
23,257.39130434782606,23,21.0,2.0,270.0,125.0,"SINGER, JONATHAN",38514,Colorado House,House District 11,20115022936.0,Democratic,STATEWIDE,2253,2017.0
23,257.39130434782606,23,21.0,2.0,270.0,125.0,"SINGER, JONATHAN",34249,Colorado House,House District 11,20115022936.0,Democratic,STATEWIDE,3136,2016.0
15,247.33333333333334,16,13.0,2.0,246.92307692307693,250.0,"NORDBERG, DANIEL",37564,Colorado House,HOUSE DISTRICT 14,20115023002.0,Republican,STATEWIDE,64,2017.0
4,800.0,4,3.0,1.0,933.3333333333334,400.0,"BUCK, PERRY",39177,Colorado House,House District 49,20125023099.0,Republican,STATEWIDE,1753,2017.0
4,800.0,4,3.0,1.0,933.3333333333334,400.0,"BUCK, PERRY",39176,Colorado House,House District 49,20125023099.0,Republican,STATEWIDE,2804,2017.0
12,427.0833333333333,17,6.0,6.0,720.8333333333334,133.33333333333334,"RANKIN, ROBERT",37161,Colorado House,House District 57,20125023123.0,Republican,STATEWIDE,773,2017.0
2,300.0,2,1.0,1.0,400.0,200.0,"MITSCH BUSH, DIANE",37140,Colorado House,House District 26,20125023146.0,Democratic,STATEWIDE,2230,2017.0
40,221.29524999999998,41,33.0,7.0,250.05484848484846,85.71428571428571,"LANDGRAF, LOIS",37572,Colorado House,House District 21,20125023159.0,Republican,STATEWIDE,331,2017.0
6,551.6666666666666,6,5.0,1.0,660.0,10.0,"SAINE, LORI",37571,Colorado House,House District 63,20125023220.0,Republican,STATEWIDE,683,2017.0
6,551.6666666666666,6,5.0,1.0,660.0,10.0,"SAINE, LORI",37575,Colorado House,House District 63,20125023220.0,Republican,STATEWIDE,2499,2017.0
84,164.19928571428574,88,81.0,3.0,162.87333333333336,200.0,"NAVARRO-RATZLAFF, CLARICE",39077,Colorado House,House District 47,20125023313.0,Republican,STATEWIDE,1724,2017.0
166,194.76036144578313,207,155.0,11.0,192.52161290322582,226.3063636363636,"EXUM SR, THOMAS",39168,Colorado House,House District 17,20125024246.0,Democratic,STATEWIDE,1224,2017.0
166,194.76036144578313,207,155.0,11.0,192.52161290322582,226.3063636363636,"EXUM SR, THOMAS",37146,Colorado House,House District 17,20125024246.0,Democratic,STATEWIDE,2513,2017.0
50,305.2116,57,49.0,1.0,311.0322448979592,20.0,"ELDER, WILLIAM",37745,Sheriff,,20135025275.0,Republican,EL PASO,1344,2017.0
50,305.2116,57,49.0,1.0,311.0322448979592,20.0,"ELDER, WILLIAM",37159,Sheriff,,20135025275.0,Republican,EL PASO,3007,2017.0
86,137.63953488372093,94,80.0,6.0,103.55,592.1666666666666,"MCINTOSH, MICHAEL",37761,Sheriff,,20135025280.0,Republican,ADAMS,768,2017.0
98,214.48979591836735,104,90.0,8.0,211.33333333333334,250.0,"GARNETT, ALEC",37254,Colorado House,House District 02,20135025282.0,Democratic,STATEWIDE,355,2017.0
98,214.48979591836735,104,90.0,8.0,211.33333333333334,250.0,"GARNETT, ALEC",34356,Colorado House,House District 02,20135025282.0,Democratic,STATEWIDE,1187,2016.0
220,80.29068181818182,236,219.0,1.0,80.20091324200914,99.95,"SHRADER, JEFF",36911,Sheriff,,20135025289.0,Republican,JEFFERSON,2322,2017.0
109,220.30045871559633,111,100.0,9.0,219.19,232.63888888888889,"BECKER, KC",36972,Colorado House,House District 13,20135025393.0,Democratic,STATEWIDE,1386,2017.0
73,215.06849315068493,75,68.0,5.0,215.44117647058823,210.0,"ARNDT, JENNIFER",36945,Colorado House,House District 53,20135025404.0,Democratic,STATEWIDE,1423,2017.0
73,215.06849315068493,75,68.0,5.0,215.44117647058823,210.0,"ARNDT, JENNIFER",36946,Colorado House,House District 53,20135025404.0,Democratic,STATEWIDE,1423,2017.0
67,360.28761194029846,85,63.0,4.0,380.1455555555555,47.525,"PLOMER, KATHY",37412,SCHOOL BOARD DIRECTOR,ADAMS 12 FIVE STAR SCHOOLS,20135025484.0,Non-Partisan,ADAMS,960,2017.0
290,109.98134482758621,372,275.0,15.0,113.69312727272728,41.932,"SANCHEZ, ROMUALDO",37291,Colorado Senate,Senate District 22,20135025490.0,Republican,STATEWIDE,510,2017.0
15,327.67533333333336,16,14.0,1.0,322.50928571428574,400.0,"COOKE, JOHN",39838,Colorado Senate,Senate District 13,20135025559.0,Republican,STATEWIDE,3098,2018.0
15,266.6666666666667,15,10.0,5.0,240.0,320.0,"SONNENBERG, JERRY",39795,Colorado Senate,Senate District 01,20135025568.0,Republican,STATEWIDE,919,2018.0
14,106.42857142857143,14,12.0,2.0,95.0,175.0,"CRANE, MATT",38829,Clerk & Recorder,,20135025623.0,Republican,ARAPAHOE,136,2017.0
56,231.6767857142857,58,49.0,7.0,246.40612244897957,128.57142857142858,"VAN WINKLE, KEVIN",36917,Colorado House,House District 43,20135025645.0,Republican,STATEWIDE,1496,2017.0
27,247.22222222222223,27,21.0,6.0,213.0952380952381,366.6666666666667,"SCOTT, RAY",39383,Colorado Senate,Senate District 07,20135025672.0,Republican,STATEWIDE,1546,2017.0
53,1671.132075471698,58,51.0,2.0,1720.9803921568628,400.0,"CARVER, TERRI",37615,Colorado House,House District 20,20135025812.0,Republican,STATEWIDE,1479,2017.0
10,400.0,10,3.0,7.0,933.3333333333334,171.42857142857142,"BECKER, JON",39651,Colorado House,House District 65,20135026345.0,Republican,STATEWIDE,1579,2018.0
45,241.44444444444446,46,42.0,3.0,230.11904761904762,400.0,"NEVILLE, PATRICK",37671,Colorado House,House District 45,20135026530.0,Republican,STATEWIDE,1007,2017.0
45,241.44444444444446,46,42.0,3.0,230.11904761904762,400.0,"NEVILLE, PATRICK",37666,Colorado House,House District 45,20135026530.0,Republican,STATEWIDE,1798,2017.0
45,241.44444444444446,46,42.0,3.0,230.11904761904762,400.0,"NEVILLE, PATRICK",37670,Colorado House,House District 45,20135026530.0,Republican,STATEWIDE,1798,2017.0
45,241.44444444444446,46,42.0,3.0,230.11904761904762,400.0,"NEVILLE, PATRICK",37668,Colorado House,House District 45,20135026530.0,Republican,STATEWIDE,1798,2017.0
45,241.44444444444446,46,42.0,3.0,230.11904761904762,400.0,"NEVILLE, PATRICK",37669,Colorado House,House District 45,20135026530.0,Republican,STATEWIDE,1798,2017.0
45,241.44444444444446,46,42.0,3.0,230.11904761904762,400.0,"NEVILLE, PATRICK",37661,Colorado House,House District 45,20135026530.0,Republican,STATEWIDE,1798,2017.0
244,230.86610655737707,275,229.0,15.0,237.47305676855896,130.0,"GARCIA, LEROY",36865,Colorado Senate,Senate District 03,20135026550.0,Democratic,STATEWIDE,2299,2016.0
97,131.5758762886598,108,92.0,5.0,130.03108695652173,160.0,"ZENZINGER, RACHEL",36864,Colorado Senate,Senate District 19,20135026579.0,Democratic,STATEWIDE,3102,2016.0
5,240.0,6,4.0,1.0,200.0,400.0,"LONTINE, SUSAN",37410,Colorado House,House District 01,20135026583.0,Democratic,STATEWIDE,1062,2017.0
144,204.35868055555557,154,135.0,9.0,207.42703703703705,158.33333333333334,"ESGAR, DANEYA",37349,Colorado House,House District 46,20145026662.0,Democratic,STATEWIDE,2176,2017.0
26,79.8076923076923,34,25.0,1.0,82.0,25.0,"DANIELSON, JESSIE",36861,Colorado House,House District 24,20145026664.0,Democratic,STATEWIDE,749,2016.0
35,95.42857142857143,35,29.0,6.0,101.37931034482759,66.66666666666667,"THURLOW, DANIEL",38936,Colorado House,House District 55,20145027305.0,Republican,STATEWIDE,199,2017.0
2,2257.54,5,1.0,1.0,4396.84,118.24,"SCHROETLIN, BRETT",39731,Sheriff,,20145027877.0,Republican,GRAND,1336,2018.0
127,265.28779527559055,144,112.0,15.0,279.8910714285714,156.25,"MARTINEZ HUMENIK, BETH",36188,Colorado Senate,Senate District 24,20145028078.0,Republican,STATEWIDE,2314,2016.0
10,372.5,10,7.0,3.0,446.42857142857144,200.0,"RANSOM, KIM",36897,Colorado House,HOUSE DISTRICT 44,20145028432.0,Republican,STATEWIDE,176,2017.0
174,108.9122988505747,200,135.0,39.0,121.85185185185185,64.12153846153846,"HEROD, LESLIE",36944,Colorado House,House District 08,20155028813.0,Democratic,STATEWIDE,2365,2017.0
36,34.72222222222222,39,34.0,2.0,38.23529411764706,-25.0,"KAGAN, DANIEL",36948,Colorado Senate,Senate District 26,20155028830.0,Democratic,STATEWIDE,378,2017.0
62,234.43,71,54.0,8.0,251.3825925925926,120.0,"GRAY, MATT",36949,Colorado House,House District 33,20155028838.0,Democratic,STATEWIDE,2599,2017.0
68,159.68676470588235,87,59.0,9.0,158.02881355932206,170.55555555555554,"WEISSMAN, MIKE",36975,Colorado House,House District 36,20155028840.0,Democratic,STATEWIDE,2046,2017.0
112,185.51785714285714,126,87.0,25.0,203.42528735632183,123.2,"HANSEN, CHRISTOPHER",36903,Colorado House,House District 06,20155028855.0,Democratic,STATEWIDE,2664,2017.0
112,185.51785714285714,126,87.0,25.0,203.42528735632183,123.2,"HANSEN, CHRISTOPHER",34320,Colorado House,House District 06,20155028855.0,Democratic,STATEWIDE,363,2016.0
19,257.2105263157895,19,14.0,5.0,305.35714285714283,122.4,"FENBERG, STEPHEN",36860,Colorado Senate,Senate District 18,20155028856.0,Democratic,STATEWIDE,2603,2016.0
159,416.1509433962264,177,153.0,6.0,427.8562091503268,117.66666666666667,"WILLIAMS, WAYNE",37868,Secretary of State,,20155028934.0,Republican,STATEWIDE,247,2017.0
209,111.56459330143541,239,203.0,6.0,108.96551724137932,199.5,"KENNEDY, CHRIS",36878,Colorado House,House District 23,20155028945.0,Democratic,STATEWIDE,2136,2016.0
11,436.3636363636364,11,9.0,2.0,466.6666666666667,300.0,"SIAS, LANG",37799,Colorado House,House District 27,20155028953.0,Republican,STATEWIDE,2695,2017.0
34,228.71823529411765,34,16.0,18.0,307.90125,158.33333333333334,"WILLIAMS, DAVE",36942,Colorado House,House District 15,20155028970.0,Republican,STATEWIDE,1566,2017.0
8,438.4375,8,6.0,2.0,517.5,201.25,"WILLIAMS, ANGELA",36862,Colorado Senate,Senate District 33,20155028984.0,Democratic,STATEWIDE,1931,2016.0
35,322.0477142857143,40,32.0,3.0,336.6146875,166.66666666666666,"JACKSON, DOMINIQUE",37350,Colorado House,House District 42,20155028991.0,Democratic,STATEWIDE,115,2017.0
142,269.0992957746479,158,120.0,22.0,273.18933333333337,246.79,"BRIDGES, JEFF",36898,Colorado House,House District 03,20155029008.0,Democratic,STATEWIDE,1613,2017.0
6,195.83333333333334,6,2.0,4.0,237.5,175.0,"COVARRUBIAS, PHILIP",35190,Colorado House,House District 56,20155029023.0,Republican,STATEWIDE,1188,2016.0
6,195.83333333333334,6,2.0,4.0,237.5,175.0,"COVARRUBIAS, PHILIP",37782,Colorado House,House District 56,20155029023.0,Republican,STATEWIDE,286,2017.0
16,491.794375,16,9.0,7.0,696.5233333333333,228.57142857142858,"BUCKNER, JANET",37143,Colorado House,House District 40,20155029125.0,Democratic,STATEWIDE,2554,2017.0
70,209.94285714285715,75,52.0,18.0,240.96153846153845,120.33333333333333,"MICHAELSON JENET, DAFNA",37086,Colorado House,House District 30,20155029156.0,Democratic,STATEWIDE,1210,2017.0
23,299.1304347826087,23,19.0,4.0,309.4736842105263,250.0,"MCKEAN, HUGH",37647,Colorado House,House District 51,20155029211.0,Republican,STATEWIDE,476,2017.0
23,299.1304347826087,23,19.0,4.0,309.4736842105263,250.0,"MCKEAN, HUGH",34399,Colorado House,House District 51,20155029211.0,Republican,STATEWIDE,71,2016.0
128,161.88578124999998,142,118.0,10.0,160.48305084745763,178.43800000000002,"MCLACHLAN, BARBARA",36958,Colorado House,House District 59,20155029760.0,Democratic,STATEWIDE,2812,2017.0
138,192.64492753623188,141,129.0,9.0,195.2325581395349,155.55555555555554,"LISTON, LARRY",37418,Colorado House,House District 16,20155029984.0,Republican,STATEWIDE,745,2017.0
138,192.64492753623188,141,129.0,9.0,195.2325581395349,155.55555555555554,"LISTON, LARRY",35988,Colorado House,House District 16,20155029984.0,Republican,STATEWIDE,2304,2016.0
30,311.8433333333333,30,28.0,2.0,323.4035714285714,150.0,"TATE, JOHN",37601,Colorado Senate,Senate District 27,20155030058.0,Republican,STATEWIDE,2141,2017.0
25,267.0268,25,10.0,15.0,427.5,160.04466666666667,"WIST, COLE",36934,Colorado House,House District 37,20165030112.0,Republican,STATEWIDE,534,2017.0
25,267.0268,25,10.0,15.0,427.5,160.04466666666667,"WIST, COLE",34279,Colorado House,House District 37,20165030112.0,Republican,STATEWIDE,1214,2016.0
14,246.42857142857142,14,5.0,9.0,490.0,111.11111111111111,"SMALLWOOD, JAMES",34429,Colorado Senate,Senate District 04,20165030199.0,Republican,STATEWIDE,327,2016.0
14,246.42857142857142,14,5.0,9.0,490.0,111.11111111111111,"SMALLWOOD, JAMES",34823,Colorado Senate,Senate District 04,20165030199.0,Republican,STATEWIDE,741,2016.0
2,509.96,2,1.0,1.0,19.92,1000.0,"DAPPER, ROBERT",34471,COMMISSIONER,Commissioner Dist. 1,20165030247.0,Republican,ROUTT,1284,2016.0
27,260.9259259259259,35,18.0,9.0,269.1666666666667,244.44444444444446,"BECKMAN, SUSAN",37755,Colorado House,House District 38,20165030251.0,Republican,STATEWIDE,604,2017.0
27,260.9259259259259,35,18.0,9.0,269.1666666666667,244.44444444444446,"BECKMAN, SUSAN",34507,Colorado House,House District 38,20165030251.0,Republican,STATEWIDE,417,2016.0
4,57.0,4,3.0,1.0,69.33333333333333,20.0,"SULLIVAN, TOM",34593,Colorado Senate,Senate District 27,20165030312.0,Democratic,STATEWIDE,1080,2016.0
34,535.9417647058824,37,22.0,12.0,722.5918181818182,193.75,"SCHUTT, ROBERT",34542,Colorado House,House District 61,20165030380.0,Republican,STATEWIDE,1092,2016.0
34,535.9417647058824,37,22.0,12.0,722.5918181818182,193.75,"SCHUTT, ROBERT",35493,Colorado House,House District 61,20165030380.0,Republican,STATEWIDE,1136,2016.0
31,276.20483870967735,32,28.0,3.0,270.08392857142854,333.3333333333333,"COLEMAN, JAMES",34687,Colorado House,House District 07,20165030444.0,Democratic,STATEWIDE,905,2016.0
31,276.20483870967735,32,28.0,3.0,270.08392857142854,333.3333333333333,"COLEMAN, JAMES",36943,Colorado House,House District 07,20165030444.0,Democratic,STATEWIDE,3085,2017.0
2,20.700000000000003,4,1.0,1.0,31.400000000000006,10.0,"STORY, TAMARA",34844,Colorado House,House District 25,20165030509.0,Democratic,STATEWIDE,1783,2016.0
5,69.6,10,4.0,1.0,85.75,5.0,"WAGNER, SCOTT",37139,Colorado House,House District 43,20165031100.0,Unity Party,STATEWIDE,1164,2017.0
5,69.6,10,4.0,1.0,85.75,5.0,"WAGNER, SCOTT",35657,Colorado House,House District 43,20165031100.0,Democratic,STATEWIDE,2147,2016.0
5,69.6,10,4.0,1.0,85.75,5.0,"WAGNER, SCOTT",37726,Colorado House,House District 43,20165031100.0,Unity Party,STATEWIDE,1496,2017.0
5,69.6,10,4.0,1.0,85.75,5.0,"WAGNER, SCOTT",35675,Colorado House,House District 43,20165031100.0,Democratic,STATEWIDE,651,2016.0
4,131.5,4,3.0,1.0,158.66666666666666,50.0,"LEWIS, KIMMI",39273,Colorado House,House District 64,20165031225.0,Republican,STATEWIDE,1145,2017.0
4,131.5,4,3.0,1.0,158.66666666666666,50.0,"LEWIS, KIMMI",35868,Colorado House,House District 64,20165031225.0,Republican,STATEWIDE,606,2016.0
4,131.5,4,3.0,1.0,158.66666666666666,50.0,"LEWIS, KIMMI",35706,Colorado House,House District 64,20165031225.0,Republican,STATEWIDE,2404,2016.0
17,453.80176470588236,18,15.0,2.0,487.642,200.0,"CAREY, BRUCE",35758,District Attorney,District 05,20165031239.0,Republican,STATEWIDE,282,2016.0
99,191.44848484848487,101,90.0,9.0,196.88222222222223,137.11111111111111,"LEONARD, TIMOTHY",37729,Colorado House,House District 25,20165031308.0,Republican,STATEWIDE,1384,2017.0
99,191.44848484848487,101,90.0,9.0,196.88222222222223,137.11111111111111,"LEONARD, TIMOTHY",34493,Colorado House,House District 25,20165031308.0,Republican,STATEWIDE,1783,2016.0
15,506.6666666666667,15,7.0,8.0,885.7142857142857,175.0,"MORENO, DOMINICK",34783,Colorado Senate,Senate District 21,20165031320.0,Democratic,STATEWIDE,752,2016.0
15,506.6666666666667,15,7.0,8.0,885.7142857142857,175.0,"MORENO, DOMINICK",38836,Colorado Senate,Senate District 21,20165031320.0,Democratic,STATEWIDE,2764,2017.0
5,106.298,7,3.0,2.0,93.83,125.0,"SILVA, JOANNE",36876,Governor,,20165031879.0,Republican,STATEWIDE,41,2016.0
5,106.298,7,3.0,2.0,93.83,125.0,"SILVA, JOANNE",36856,Governor,,20165031879.0,Republican,STATEWIDE,3197,2016.0
783,892.4622860791826,983,711.0,72.0,965.2953727144867,173.23555555555555,"GINSBURG, NOEL",36883,Governor,,20165031883.0,Democratic,STATEWIDE,41,2016.0
264,198.1830681818182,477,229.0,35.0,204.36825327510917,157.71428571428572,"VALDEZ, ALEX",36895,Colorado House,House District 05,20175031887.0,Democratic,STATEWIDE,126,2017.0
5246,289.77947197865035,6794,2758.0,2488.0,205.50997461928935,383.19397106109324,"JOHNSTON, MICHAEL",36913,Governor,,20175031889.0,Democratic,STATEWIDE,41,2017.0
509,134.29471512770135,642,355.0,154.0,141.7812394366197,117.03681818181818,"BEATIE, AMY",36904,Colorado House,House District 04,20175031892.0,Democratic,STATEWIDE,468,2017.0
11,39.09090909090909,14,10.0,1.0,39.0,40.0,"LINSKI, CHRISTOPHER",36920,Colorado House,House District 15,20175031897.0,Democratic,STATEWIDE,1566,2017.0
86,135.54848837209303,112,81.0,5.0,137.80456790123458,99.0,"FRANCONE, TINA",36924,Commissioner,COMMISSIONER DIST. 3,20175031898.0,Republican,JEFFERSON,2469,2017.0
373,85.17316353887412,442,334.0,39.0,74.45032934131748,177.0046153846154,"MITCHELL, VICTOR",36963,Governor,,20175031909.0,Republican,STATEWIDE,41,2017.0
37,187.78324324324322,44,32.0,5.0,190.40625,170.996,"WILLIAMS, HOLLY",36959,COMMISSIONER,Commissioner Dist. 1,20175031913.0,Republican,EL PASO,1029,2017.0
147,174.10761904761904,171,144.0,3.0,176.11680555555554,77.66666666666667,"JENSEN, CHRISTINE",36971,Colorado Senate,Senate District 20,20175031914.0,Republican,STATEWIDE,1070,2017.0
419,105.96577565632457,448,236.0,183.0,130.25423728813558,74.64295081967212,"HILL, STEVEN",37074,CU Regent,District 05,20175031958.0,Republican,STATEWIDE,2200,2017.0
792,73.40715909090909,1033,622.0,170.0,85.60445337620578,28.61111111111111,"SALAZAR, JOSEPH",37083,Attorney General,,20175031960.0,Democratic,STATEWIDE,545,2017.0
27,411.5285185185185,38,24.0,3.0,449.96958333333333,104.0,"GAITER, LEW",37070,Governor,,20175031962.0,Republican,STATEWIDE,41,2017.0
434,102.10907834101381,501,136.0,298.0,84.40323529411765,110.18959731543625,"NUTTING, MEGHAN",39413,Colorado House,House District 05,20175031964.0,Democratic,STATEWIDE,126,2018.0
434,102.10907834101381,501,136.0,298.0,84.40323529411765,110.18959731543625,"NUTTING, MEGHAN",37072,Colorado House,House District 05,20175031964.0,Democratic,STATEWIDE,2568,2017.0
118,361.0125423728814,133,117.0,1.0,359.8246153846154,500.0,"LEBSOCK, STEVE",37166,State Treasurer,,20175032007.0,Democratic,STATEWIDE,246,2017.0
51,98.98039215686275,53,34.0,17.0,92.88235294117646,111.17647058823529,"MATKOWSKY, ADAM",37175,Colorado Senate,Senate District 24,20175032016.0,Unaffiliated,STATEWIDE,787,2017.0
51,98.98039215686275,53,34.0,17.0,92.88235294117646,111.17647058823529,"MATKOWSKY, ADAM",39338,Colorado Senate,Senate District 24,20175032016.0,Unaffiliated,STATEWIDE,2314,2017.0
43,157.90697674418604,45,32.0,11.0,153.59375,170.45454545454547,"SARGENT, KITTY",37171,SCHOOL BOARD DIRECTOR,BOULDER VALLEY RE 2,20175032017.0,Non-Partisan,BOULDER,165,2017.0
26,59.38461538461539,27,25.0,1.0,57.76,100.0,"WILSON, BOB",36933,RTD DIRECTOR,RTD District L,20175032021.0,Non-Partisan,STATEWIDE,202,2017.0
1242,259.008019323671,1528,1176.0,66.0,255.27842687074784,325.46257575757573,"BRAUCHLER, GEORGE",37224,Governor,,20175032022.0,Republican,STATEWIDE,2027,2017.0
1242,259.008019323671,1528,1176.0,66.0,255.27842687074784,325.46257575757573,"BRAUCHLER, GEORGE",37274,Governor,,20175032022.0,Republican,STATEWIDE,41,2017.0
229,81.94764192139739,287,200.0,29.0,88.155,39.138275862068966,"ANDERSON, AUONTAI (TAY)",37191,SCHOOL BOARD DIRECTOR,DENVER COUNTY 1 DISTRICT 4,20175032023.0,Non-Partisan,DENVER,1026,2017.0
229,81.94764192139739,287,200.0,29.0,88.155,39.138275862068966,"ANDERSON, TAY",37180,SCHOOL BOARD DIRECTOR,DENVER COUNTY 1 DISTRICT 4,20175032023.0,Non-Partisan,DENVER,3125,2017.0
183,72.97901639344262,249,149.0,34.0,72.08161073825504,74.71428571428571,"BANUELOS, JULIE",37183,SCHOOL BOARD DIRECTOR,DENVER COUNTY 1 AT LARGE,20175032025.0,Non-Partisan,DENVER,206,2017.0
1202,141.37064891846921,2336,879.0,323.0,158.65733788395903,94.32730650154798,"PERLMUTTER, ED",37255,Governor,,20175032027.0,Democratic,STATEWIDE,41,2017.0
3928,217.18061354378818,5658,2193.0,1735.0,316.5646967624259,91.56142363112393,"KENNEDY, CARY",37272,Governor,,20175032028.0,Democratic,STATEWIDE,682,2017.0
3928,217.18061354378818,5658,2193.0,1735.0,316.5646967624259,91.56142363112393,"KENNEDY, CARY",37273,Governor,,20175032028.0,Democratic,STATEWIDE,41,2017.0
86,152.42825581395348,142,67.0,19.0,178.34074626865672,61.05263157894737,"MULLICA, KYLE",37262,Colorado House,House District 34,20175032036.0,Democratic,STATEWIDE,987,2017.0
135,269.6125925925926,410,122.0,13.0,261.80139344262295,342.91769230769233,"EVERETT, JUSTIN",37256,State Treasurer,,20175032041.0,Republican,STATEWIDE,246,2017.0
32,411.561875,36,25.0,7.0,242.96,1013.7114285714285,"HAMBY, CHARLES",37281,Sheriff,,20175032044.0,Republican,LA PLATA,1015,2017.0
661,166.1585930408472,837,162.0,499.0,203.28086419753086,154.10687374749503,"NEUMANN, ZACH",37311,Colorado Senate,Senate District 32,20175032053.0,Democratic,STATEWIDE,1458,2017.0
588,613.5428231292517,644,429.0,159.0,614.426993006993,611.1572327044025,"ROBINSON, DOUG",37289,Governor,,20175032055.0,Republican,STATEWIDE,41,2017.0
66,360.9013636363636,71,43.0,23.0,414.05790697674416,261.5217391304348,"LARSON, COLIN",37302,Colorado House,House District 22,20175032057.0,Republican,STATEWIDE,754,2017.0
133,295.4814285714286,140,117.0,16.0,302.1370085470085,246.8125,"LUNDEEN, PAUL",37304,Colorado Senate,Senate District 09,20175032059.0,Republican,STATEWIDE,778,2017.0
274,242.7020072992701,386,251.0,23.0,239.6667330677291,275.82608695652175,"RODRIGUEZ, ROBERT",37308,Colorado Senate,Senate District 32,20175032061.0,Democratic,STATEWIDE,1458,2017.0
280,336.7713571428572,333,202.0,78.0,379.35633663366343,226.48717948717947,"ESPIRITU, RACHELE",37316,SCHOOL BOARD DIRECTOR,DENVER COUNTY 1 DISTRICT 4,20175032068.0,Non-Partisan,DENVER,1026,2017.0
96,160.6525,135,90.0,6.0,160.64044444444446,160.83333333333334,"FRANCONE, FRANK",37310,Colorado House,House District 22,20175032069.0,Republican,STATEWIDE,754,2017.0
563,164.06731793960924,679,517.0,46.0,163.72827852998066,167.87782608695653,"WINTER, FAITH",37323,Colorado Senate,Senate District 24,20175032074.0,Democratic,STATEWIDE,2314,2017.0
130,110.87784615384616,179,123.0,7.0,107.35869918699187,172.71428571428572,"KILEY, MICHAEL",37399,Colorado House,House District 04,20175032075.0,Democratic,STATEWIDE,468,2017.0
158,115.55696202531645,197,123.0,35.0,103.60162601626017,157.57142857142858,"SHAKTI, NFN",37328,Colorado House,House District 28,20175032077.0,Democratic,STATEWIDE,1068,2017.0
2730,382.75073626373614,3200,1919.0,811.0,379.701078686816,389.96688039457456,"WEISER, PHILIP",37337,Attorney General,,20175032081.0,Democratic,STATEWIDE,545,2017.0
609,140.89817733990145,677,579.0,30.0,140.77373056994819,143.3,"STORY, TAMMY",37355,Colorado Senate,Senate District 16,20175032083.0,Democratic,STATEWIDE,1936,2017.0
418,178.1844976076555,519,234.0,184.0,186.5853846153846,166.59535135135135,"BACON, JENNIFER",37357,SCHOOL BOARD DIRECTOR,DENVER COUNTY 1 DISTRICT 4,20175032088.0,Non-Partisan,DENVER,2673,2017.0
418,178.1844976076555,519,234.0,184.0,186.5853846153846,166.59535135135135,"BACON, JENNIFER",37407,SCHOOL BOARD DIRECTOR,DENVER COUNTY 1 DISTRICT 4,20175032088.0,Non-Partisan,DENVER,1026,2017.0
634,201.69776025236592,754,372.0,262.0,207.83435483870966,192.98473282442748,"COBIAN, ANGELA",37359,SCHOOL BOARD DIRECTOR,DENVER COUNTY 1 DISTRICT 2,20175032090.0,Non-Partisan,DENVER,1236,2017.0
239,149.74472803347282,291,235.0,4.0,148.25102127659576,237.5,"BIRD, SHANNON",37362,Colorado House,House District 35,20175032096.0,Democratic,STATEWIDE,2856,2017.0
205,145.34765853658536,265,187.0,18.0,143.51871657754012,164.34833333333333,"BUENTELLO, BRIANNA",40174,Colorado House,House District 47,20175032097.0,Democratic,STATEWIDE,1383,2018.0
205,145.34765853658536,265,187.0,18.0,143.51871657754012,164.34833333333333,"BUENTELLO, BRIANNA",37361,Colorado House,House District 47,20175032097.0,Democratic,STATEWIDE,2837,2017.0
39,301.2423076923077,62,36.0,3.0,220.7902777777778,1266.6666666666667,"BANKES, PAUL",37371,SCHOOL BOARD DIRECTOR,THOMPSON R2-J,20175032098.0,Non-Partisan,LARIMER,1268,2017.0
478,141.98640167364016,551,147.0,331.0,121.89761904761906,150.90800604229605,"STERN, GEORGE",37390,CLERK & RECORDER,,20175032100.0,Democratic,JEFFERSON,786,2017.0
317,96.17668769716087,393,259.0,58.0,114.88864864864867,12.618103448275864,"LEUNG, KEVIN",37354,SCHOOL BOARD DIRECTOR,DOUGLAS COUNTY RE 1,20175032101.0,Non-Partisan,DOUGLAS,2303,2017.0
630,220.1852698412698,941,332.0,298.0,206.55036144578312,235.3758389261745,"DOUGHERTY, MICHAEL",37377,Attorney General,,20175032103.0,Democratic,STATEWIDE,545,2017.0
394,117.61086294416242,475,307.0,87.0,138.6928338762215,43.21816091954022,"DANIELSON, JESSIE",37393,Colorado Senate,Senate District 20,20175032105.0,Democratic,STATEWIDE,1070,2017.0
313,196.09079872204472,349,312.0,1.0,196.39878205128204,100.0,"JONES, MATT",37409,COMMISSIONER,Commissioner Dist. 3,20175032107.0,Democratic,BOULDER,312,2017.0
399,144.02984962406015,450,397.0,2.0,143.81337531486147,187.0,"RUPERT, BRAD",37387,SCHOOL BOARD DIRECTOR,JEFFERSON COUNTY R-1,20175032108.0,Non-Partisan,JEFFERSON,680,2017.0
422,137.71706161137442,489,418.0,4.0,135.7239234449761,346.0,"HARMON, SUSAN",37389,SCHOOL BOARD DIRECTOR,JEFFERSON COUNTY R-1,20175032109.0,Non-Partisan,JEFFERSON,680,2017.0
343,165.21309037900875,380,338.0,5.0,166.48843195266272,79.0,"MITCHELL, RON",37392,SCHOOL BOARD DIRECTOR,JEFFERSON COUNTY R-1,20175032111.0,Non-Partisan,JEFFERSON,680,2017.0
173,156.31763005780346,228,149.0,24.0,161.35409395973153,125.04958333333333,"DURAN, MONICA",37400,Colorado House,House District 24,20175032113.0,Democratic,STATEWIDE,749,2017.0
409,287.19887530562346,473,380.0,29.0,294.85352631578945,186.89655172413794,"OBRIEN, BARBARA",37420,SCHOOL BOARD DIRECTOR,DENVER COUNTY 1 AT LARGE,20175032120.0,Non-Partisan,DENVER,1474,2017.0
409,287.19887530562346,473,380.0,29.0,294.85352631578945,186.89655172413794,"O'BRIEN, BARBARA",37423,SCHOOL BOARD DIRECTOR,DENVER COUNTY 1 AT LARGE,20175032120.0,Non-Partisan,DENVER,206,2017.0
52,187.46153846153845,53,36.0,16.0,209.55555555555554,137.75,"LOPEZ, GREG",37330,Governor,,20175032123.0,Republican,STATEWIDE,41,2017.0
239,148.57410041841007,286,213.0,26.0,163.2392018779343,28.43307692307692,"HOLTZMANN, KRISTA",37426,SCHOOL BOARD DIRECTOR,DOUGLAS COUNTY RE 1,20175032124.0,Non-Partisan,DOUGLAS,2303,2017.0
130,293.87692307692305,147,118.0,12.0,292.1949152542373,310.4166666666667,"HORN, BRITA",37439,State Treasurer,,20175032131.0,Republican,STATEWIDE,246,2017.0
189,110.39682539682539,211,178.0,11.0,111.15730337078652,98.0909090909091,"TEEGARDIN, KRISTIAN",37438,Colorado House,House District 24,20175032132.0,Democratic,STATEWIDE,749,2017.0
127,234.51047244094488,208,123.0,4.0,231.34821138211382,331.75,"GAYTAN, XOCHITL",37466,SCHOOL BOARD DIRECTOR,DENVER COUNTY 1 DISTRICT 2,20175032134.0,Non-Partisan,DENVER,1236,2017.0
47,62.2172340425532,50,39.0,8.0,70.0248717948718,24.155,"HVIZDA WARD, LORI",37431,SCHOOL BOARD DIRECTOR,THOMPSON R2-J,20175032135.0,Non-Partisan,LARIMER,1268,2017.0
336,317.3690476190476,389,332.0,4.0,318.93373493975906,187.5,"JOHNSON, MIKE",37443,SCHOOL BOARD DIRECTOR,DENVER COUNTY 1 DISTRICT 3,20175032136.0,Non-Partisan,DENVER,1489,2017.0
96,133.3290625,109,91.0,5.0,138.62186813186813,37.0,"POUGH, GAIL",37445,SCHOOL BOARD DIRECTOR,ADAMS-ARAPAHOE 28J,20175032137.0,Non-Partisan,ARAPAHOE,442,2017.0
3633,422.4655463804019,4456,2135.0,1498.0,707.5605058548008,16.138618157543387,"POLIS, JARED",37447,Governor,,20175032139.0,Democratic,STATEWIDE,41,2017.0
36,269.0086111111111,45,30.0,6.0,282.8103333333333,200.0,"GEITNER, TIM",37449,Colorado House,House District 19,20175032141.0,Republican,STATEWIDE,2611,2017.0
545,494.660495412844,608,504.0,41.0,498.8332738095238,432.8095238095238,"LEVIN, BRAD",37477,Attorney General,,20175032143.0,Democratic,STATEWIDE,545,2017.0
175,143.68571428571428,218,160.0,15.0,151.375,57.8125,"MCCLUSKIE, JULIE",37324,Colorado House,House District 61,20175032144.0,Democratic,STATEWIDE,726,2017.0
196,106.14423469387755,240,184.0,12.0,107.03407608695652,92.5,"CUTTER, LISA",37375,Colorado House,House District 25,20175032149.0,Democratic,STATEWIDE,164,2017.0
196,106.14423469387755,240,184.0,12.0,107.03407608695652,92.5,"CUTTER, LISA",37805,Colorado House,House District 25,20175032149.0,Democratic,STATEWIDE,1384,2017.0
117,73.99444444444445,172,65.0,52.0,82.1746153846154,63.76923076923077,"NETHERTON, KIMBERLY",37473,Colorado House,House District 28,20175032151.0,Democratic,STATEWIDE,1068,2017.0
166,206.31626506024097,182,140.0,26.0,210.69642857142858,182.73076923076923,"SPETH, ROBERT",37510,SCHOOL BOARD DIRECTOR,DENVER COUNTY 1 AT LARGE,20175032162.0,Non-Partisan,DENVER,206,2017.0
12,610.0,13,11.0,1.0,647.2727272727273,200.0,"SMITH, PETER",37215,Colorado Senate,Senate District 32,20175032164.0,Unaffiliated,STATEWIDE,175,2017.0
12,610.0,13,11.0,1.0,647.2727272727273,200.0,"SMITH, PETER",40087,Colorado Senate,Senate District 32,20175032164.0,Unaffiliated,STATEWIDE,175,2018.0
12,610.0,13,11.0,1.0,647.2727272727273,200.0,"SMITH, PETER",40094,Colorado Senate,Senate District 32,20175032164.0,Unaffiliated,STATEWIDE,1458,2018.0
40,119.25,42,33.0,7.0,99.84848484848484,210.71428571428572,"WIDDEKIND, LISA",37496,COMMISSIONER,Commissioner Dist. 3,20175032167.0,Democratic,BOULDER,312,2017.0
29,237.0,29,28.0,1.0,245.35714285714286,3.0,"RIESBERG, JIM",37491,Colorado House,House District 50,20175032170.0,Democratic,STATEWIDE,2057,2017.0
3,416.6666666666667,3,2.0,1.0,525.0,200.0,"WELDON, THOMAS",37494,CORONER,,20175032176.0,Republican,JEFFERSON,872,2017.0
175,74.57028571428572,205,155.0,20.0,77.09548387096774,55.0,"GALINDO, ROCHELLE",37941,Colorado House,House District 50,20175032182.0,Democratic,STATEWIDE,1810,2017.0
175,74.57028571428572,205,155.0,20.0,77.09548387096774,55.0,"GALINDO, ROCHELLE",39303,Colorado House,House District 50,20175032182.0,Democratic,STATEWIDE,2057,2017.0
175,74.57028571428572,205,155.0,20.0,77.09548387096774,55.0,"GALINDO, ROCHELLE",37518,Colorado House,House District 50,20175032182.0,Democratic,STATEWIDE,1810,2017.0
63,411.7704761904762,94,59.0,4.0,425.9583050847458,202.5,"GERKIN, DEBBIE",37515,SCHOOL BOARD DIRECTOR,ADAMS-ARAPAHOE 28J,20175032183.0,Non-Partisan,ARAPAHOE,442,2017.0
26,100.71807692307695,38,20.0,6.0,118.78350000000003,40.5,"ANDERSON, GRAHAM",37523,Colorado House,House District 18,20175032184.0,Democratic,STATEWIDE,1789,2017.0
38,73.94736842105263,40,35.0,3.0,75.28571428571429,58.333333333333336,"TRENARY, RALPH",37514,Colorado Senate,Senate District 15,20175032187.0,Democratic,STATEWIDE,1998,2017.0
38,153.5871052631579,45,35.0,3.0,161.92314285714284,56.333333333333336,"BARLOCK, STEPHEN",37529,Governor,,20175032188.0,Republican,STATEWIDE,41,2017.0
134,275.33634328358204,163,125.0,9.0,293.0405599999999,29.444444444444443,"SCHEFFEL, DEBORA",37540,SCHOOL BOARD DIRECTOR,DOUGLAS COUNTY RE 1,20175032193.0,Non-Partisan,DOUGLAS,2303,2017.0
166,273.904578313253,193,151.0,15.0,296.9083443708609,42.333333333333336,"NELSON, GRANT",37541,SCHOOL BOARD DIRECTOR,DOUGLAS COUNTY RE 1,20175032194.0,Non-Partisan,DOUGLAS,2303,2017.0
144,262.07611111111106,166,127.0,17.0,291.6453543307086,41.1764705882353,"MILLS, RANDY",37538,SCHOOL BOARD DIRECTOR,DOUGLAS COUNTY RE 1,20175032195.0,Non-Partisan,DOUGLAS,2303,2017.0
120,256.7246666666666,142,106.0,14.0,286.52792452830187,31.071428571428573,"ABRESCH, RYAN",37539,SCHOOL BOARD DIRECTOR,DOUGLAS COUNTY RE 1,20175032196.0,Non-Partisan,DOUGLAS,2303,2017.0
119,98.51529411764706,126,109.0,10.0,91.59009174311926,174.0,"OTT, JULIE",37645,SCHOOL BOARD DIRECTOR,COLORADO SPRINGS 11,20175032203.0,Non-Partisan,EL PASO,1012,2017.0
13,234.6153846153846,13,12.0,1.0,245.83333333333334,100.0,"BREMER, ANNA",37559,COMMISSIONER,Commissioner Dist 5,20175032206.0,Republican,EL PASO,1709,2017.0
174,100.8006896551724,208,162.0,12.0,105.64395061728395,35.416666666666664,"GONZALES-GUTIERREZ, SERENA",37573,Colorado House,House District 04,20175032212.0,Democratic,STATEWIDE,468,2017.0
7,235.71428571428572,8,6.0,1.0,266.6666666666667,50.0,"PETERS, JEANNIE",37576,SCHOOL BOARD DIRECTOR,SALIDA R-32,20175032214.0,Non-Partisan,CHAFFEE,1736,2017.0
27,73.63962962962962,27,26.0,1.0,75.12576923076924,35.0,"STEED, LEA",37584,SCHOOL BOARD DIRECTOR,ADAMS-ARAPAHOE 28J,20175032215.0,Non-Partisan,ARAPAHOE,442,2017.0
978,168.71167689161553,1299,763.0,215.0,159.95808650065533,199.7767441860465,"GRISWOLD, JENA",37586,Secretary of State,,20175032217.0,Democratic,STATEWIDE,247,2017.0
371,396.43086253369273,418,343.0,28.0,411.75174927113704,208.75,"LAWRENCE, POLLY",37588,State Treasurer,,20175032219.0,Republican,STATEWIDE,246,2017.0
61,228.05770491803275,63,59.0,2.0,233.66983050847455,62.5,"VLACHOS, DEAN",37530,SCHOOL BOARD DIRECTOR,BOULDER VALLEY RE 2,20175032222.0,Non-Partisan,BOULDER,165,2017.0
238,137.4988235294118,283,213.0,25.0,147.60309859154935,51.4104,"GRAZIANO, ANTHONY",37596,SCHOOL BOARD DIRECTOR,DOUGLAS COUNTY RE 1,20175032228.0,Non-Partisan,DOUGLAS,2303,2017.0
28,622.3839285714286,30,27.0,1.0,641.7314814814815,100.0,"LAVALLEY, THOMAS",37607,SCHOOL BOARD DIRECTOR,ACADEMY 20,20175032231.0,Non-Partisan,EL PASO,76,2017.0
286,93.23741258741259,336,189.0,97.0,102.43862433862435,75.30927835051547,"ROBERTS, DYLAN",37610,Colorado House,House District 26,20175032232.0,Democratic,STATEWIDE,1121,2017.0
286,93.23741258741259,336,189.0,97.0,102.43862433862435,75.30927835051547,"ROBERTS, DYLAN",39945,Colorado House,House District 26,20175032232.0,Democratic,STATEWIDE,2230,2018.0
11,184.0909090909091,11,10.0,1.0,172.5,300.0,"CATLIN, MARC",39102,Colorado House,House District 58,20175032234.0,Republican,STATEWIDE,788,2017.0
95,195.5921052631579,95,93.0,2.0,191.19623655913978,400.0,"HISEY, DENNIS",37342,Colorado Senate,Senate District 02,20175032235.0,Republican,STATEWIDE,1058,2017.0
175,210.43485714285714,213,162.0,13.0,217.59938271604938,121.15384615384616,"OLSON, CARRIE",37594,SCHOOL BOARD DIRECTOR,DENVER COUNTY 1 DISTRICT 3,20175032236.0,Non-Partisan,DENVER,1489,2017.0
79,214.61101265822785,97,73.0,6.0,226.6201369863014,68.5,"LOVATO, MIGUEL",37623,SCHOOL BOARD DIRECTOR,ADAMS-ARAPAHOE 28J,20175032240.0,Non-Partisan,ARAPAHOE,442,2017.0
103,153.60679611650485,123,70.0,33.0,167.52142857142857,124.0909090909091,"GIBSON, HAZEL",37629,Colorado Senate,Senate District 32,20175032244.0,Democratic,STATEWIDE,1458,2017.0
122,60.01639344262295,140,89.0,33.0,62.98876404494382,52.0,"CRANSTON, REBECCA",37628,Colorado Senate,Senate District 15,20175032245.0,Democratic,STATEWIDE,1998,2017.0
78,140.47435897435898,91,73.0,5.0,142.35616438356163,113.0,"MARTINEZ, TERRY",37632,Colorado House,House District 18,20175032248.0,Democratic,STATEWIDE,1789,2017.0
37,232.21216216216217,40,36.0,1.0,238.63472222222222,1.0,"RYAN, JILL",37652,Colorado House,House District 26,20175032257.0,Democratic,STATEWIDE,2230,2017.0
27,830.4381481481481,28,26.0,1.0,858.531923076923,100.0,"IVEY, MARQUES",37595,SCHOOL BOARD DIRECTOR,ADAMS-ARAPAHOE 28J,20175032259.0,Non-Partisan,ARAPAHOE,442,2017.0
22,157.86863636363637,22,21.0,1.0,165.23809523809524,3.11,"GALLEGOS, GLENN",37570,CU Regent,District 03,20175032262.0,Republican,STATEWIDE,2538,2017.0
40,195.0,41,32.0,8.0,212.1875,126.25,"SAPIENZA, DAN",37663,Commissioner,Commissioner Dist. 1,20175032266.0,Democratic,LARIMER,2556,2017.0
289,112.56017301038065,346,264.0,25.0,119.50034090909097,39.272,"CIANCIO-SCHOR, CHRISTINA",37665,SCHOOL BOARD DIRECTOR,DOUGLAS COUNTY RE 1,20175032268.0,Non-Partisan,DOUGLAS,2303,2017.0
38,273.75394736842105,38,20.0,18.0,252.675,297.17499999999995,"PHILLIPS, JACQUE",37639,Colorado House,House District 34,20175032273.0,Democratic,STATEWIDE,987,2017.0
4,23.5,4,2.0,2.0,32.0,15.0,"MCARTHUR, GABRIEL",37685,Secretary of State,,20175032276.0,Democratic,STATEWIDE,247,2017.0
178,157.25168539325844,198,172.0,6.0,159.2800581395349,99.105,"LUNDBERG, KEVIN",37848,State Treasurer,,20175032277.0,Republican,STATEWIDE,246,2017.0
62,108.95161290322581,74,46.0,16.0,92.02173913043478,157.625,"NOUIS, GRADY",37728,Colorado House,House District 29,20175032278.0,Republican,STATEWIDE,1771,2017.0
95,189.32515789473683,113,53.0,42.0,238.0169811320755,127.88071428571428,"KENNEDY-SHAFFER, ALAN",37692,Colorado Senate,Senate District 34,20175032280.0,Democratic,STATEWIDE,300,2017.0
113,113.25371681415929,124,79.0,34.0,111.93253164556963,116.32352941176471,"KELLEN, KAREN",40076,Colorado Senate,Senate District 22,20175032281.0,Democratic,STATEWIDE,510,2018.0
113,113.25371681415929,124,79.0,34.0,111.93253164556963,116.32352941176471,"KELLEN, KAREN",37688,Colorado Senate,Senate District 22,20175032281.0,Democratic,STATEWIDE,3180,2017.0
1405,487.87711032028477,1667,1022.0,383.0,517.1822602739726,409.67903394255876,"LYNNE, DONNA",37760,Governor,,20175032283.0,Democratic,STATEWIDE,41,2017.0
77,269.09090909090907,80,62.0,15.0,233.5,416.2,"DOUTHIT, BERNARD",37713,State Treasurer,,20175032291.0,Democratic,STATEWIDE,246,2017.0
22,73.22727272727273,26,15.0,7.0,60.333333333333336,100.85714285714286,"YOLLICK, NICKY",37711,Colorado House,House District 05,20175032299.0,Democratic,STATEWIDE,126,2017.0
20,67.0,20,13.0,7.0,64.23076923076923,72.14285714285714,"NEWCOMER, EMILY",38940,SCHOOL BOARD DIRECTOR,DURANGO 9-R,20175032314.0,Non-Partisan,LA PLATA,1990,2017.0
432,257.635162037037,535,274.0,158.0,253.570802919708,264.6834810126582,"PADDEN, AMY",37747,Attorney General,,20175032321.0,Democratic,STATEWIDE,1223,2017.0
432,257.635162037037,535,274.0,158.0,253.570802919708,264.6834810126582,"PADDEN, AMY",39247,Attorney General,,20175032321.0,Democratic,STATEWIDE,545,2017.0
7,536.4285714285714,7,5.0,2.0,691.0,150.0,"EDDY, ALEXANDRA",37646,SCHOOL BOARD DIRECTOR,BOULDER VALLEY RE 2,20175032325.0,Non-Partisan,BOULDER,165,2017.0
46,521.1315217391304,52,45.0,1.0,532.1566666666666,25.0,"COX, KEVIN",37621,SCHOOL BOARD DIRECTOR,ADAMS-ARAPAHOE 28J,20175032336.0,Non-Partisan,ARAPAHOE,442,2017.0
121,178.1784297520661,129,117.0,4.0,156.15034188034187,822.5,"MAES, DENNIS",37951,SCHOOL BOARD DIRECTOR,PUEBLO CITY 60,20175032350.0,Non-Partisan,PUEBLO,624,2017.0
121,178.1784297520661,129,117.0,4.0,156.15034188034187,822.5,"MAES, DENNIS",37815,SCHOOL BOARD DIRECTOR,PUEBLO CITY 60,20175032350.0,Non-Partisan,PUEBLO,2284,2017.0
121,178.1784297520661,129,117.0,4.0,156.15034188034187,822.5,"MAES, DENNIS",37950,SCHOOL BOARD DIRECTOR,PUEBLO CITY 60,20175032350.0,Non-Partisan,PUEBLO,2284,2017.0
10,52.093,10,5.0,5.0,74.998,29.188,"PUGH, LINDA",37828,SCHOOL BOARD DIRECTOR,HARRISON 2,20175032365.0,Non-Partisan,EL PASO,2781,2017.0
29,144.44827586206895,33,28.0,1.0,146.03571428571428,100.0,"TONKINS, VICKIE",37841,COMMISSIONER,Commissioner Dist 5,20175032379.0,Republican,EL PASO,1709,2017.0
120,106.66666666666667,120,119.0,1.0,107.3529411764706,25.0,"PARRISH, THOMAS",37883,SCHOOL BOARD DIRECTOR,MESA COUNTY VALLEY 51,20175032403.0,Non-Partisan,MESA,632,2017.0
60,409.8321666666667,67,56.0,4.0,431.3380357142857,108.75,"ARMSTRONG-ROMERO, KYLA",37229,SCHOOL BOARD DIRECTOR,ADAMS-ARAPAHOE 28J,20175032411.0,Non-Partisan,ARAPAHOE,442,2017.0
48,266.77000000000004,78,24.0,24.0,487.5625,45.9775,"DE ANGELIS, THOMAS",37776,SCHOOL BOARD DIRECTOR,LEWIS - PALMER 38,20175032412.0,Non-Partisan,EL PASO,694,2017.0
39,56.52897435897436,54,28.0,11.0,52.30857142857143,67.27181818181818,"WHITE, RISA",37996,Colorado Senate,Senate District 32,20175032413.0,Democratic,STATEWIDE,1458,2017.0
33,107.66424242424242,38,25.0,8.0,98.5196,136.24125,"LIKNESS, JILLIAN",37912,Colorado House,House District 18,20175032421.0,Republican,STATEWIDE,2294,2017.0
33,107.66424242424242,38,25.0,8.0,98.5196,136.24125,"LIKNESS, JILLIAN",39024,Colorado House,House District 18,20175032421.0,Republican,STATEWIDE,1789,2017.0
64,475.663125,80,54.0,10.0,505.8785185185185,312.5,"BARKEY, BRETT",38064,State Treasurer,,20175032423.0,Republican,STATEWIDE,246,2017.0
14,230.06428571428572,17,10.0,4.0,284.59000000000003,93.75,"ANGLEY, MICHAEL",37937,Sheriff,,20175032434.0,Republican,EL PASO,1344,2017.0
325,89.12218461538461,412,257.0,68.0,90.29848249027236,84.67647058823529,"GONZALES, JULIA",38060,Colorado Senate,Senate District 34,20175032530.0,Democratic,STATEWIDE,300,2017.0
261,114.71666666666667,410,250.0,11.0,111.7642,181.8181818181818,"DRAPER, KRISTEN",37900,SCHOOL BOARD DIRECTOR,POUDRE R-1,20175032549.0,Non-Partisan,LARIMER,890,2017.0
2,750.0,3,1.0,1.0,500.0,1000.0,"WADDLE, PATRICIA",38129,SCHOOL BOARD DIRECTOR,CRIPPLE CREEK-VICTOR RE-1,20175032593.0,Non-Partisan,TELLER,1953,2017.0
17,525.67,20,15.0,2.0,427.42600000000004,1262.5,"TAYLOR, CHRIS",38185,SCHOOL BOARD DIRECTOR,LEWIS - PALMER 38,20175032615.0,Non-Partisan,EL PASO,694,2017.0
21,95.23809523809524,25,20.0,1.0,95.0,100.0,"REIMER, DUSTI",38020,SCHOOL BOARD DIRECTOR,MESA COUNTY VALLEY 51,20175032623.0,Non-Partisan,MESA,632,2017.0
8,148.125,8,7.0,1.0,133.57142857142858,250.0,"SALAS, PETER",37916,COMMISSIONER,Commissioner Dist. 3,20175032624.0,Democratic,BOULDER,312,2017.0
180,224.86433333333338,188,162.0,18.0,244.4538271604938,48.55888888888889,"LEE, SANFORD",38189,Colorado Senate,Senate District 11,20175032625.0,Democratic,STATEWIDE,1567,2017.0
135,179.3517037037037,140,129.0,6.0,183.02697674418604,100.33333333333333,"DAHLKEMPER, LESLEY",38232,Commissioner,COMMISSIONER DIST. 3,20175032637.0,Democratic,JEFFERSON,2469,2017.0
18,116.11111111111111,18,17.0,1.0,121.76470588235294,20.0,"KENNEDY, ROBERT",38214,CLERK & RECORDER,,20175032640.0,Republican,DOUGLAS,2140,2017.0
7,1439.8828571428571,7,6.0,1.0,1613.1966666666667,400.0,"CORAM, DON",38075,Colorado Senate,Senate District 06,20175032641.0,Republican,STATEWIDE,1844,2017.0
29,229.56103448275863,38,27.0,2.0,153.2692592592593,1259.5,"UPCHURCH, TIFFINEY",38190,SCHOOL BOARD DIRECTOR,LEWIS - PALMER 38,20175032666.0,Non-Partisan,EL PASO,694,2017.0
7,118.16,11,3.0,4.0,255.37333333333333,15.25,"HINDS, CAROL",38251,SCHOOL BOARD DIRECTOR,ELIZABETH C-1,20175032667.0,Non-Partisan,ELBERT,1345,2017.0
13,209.90384615384602,15,5.0,8.0,513.766,19.99,"REYNOLDS, KARIN",37871,SCHOOL BOARD DIRECTOR,ACADEMY 20,20175032692.0,Non-Partisan,EL PASO,76,2017.0
73,136.5068493150685,82,69.0,4.0,142.57971014492753,31.75,"CLARKE, E",38306,SCHOOL BOARD DIRECTOR,POUDRE R-1,20175032705.0,Non-Partisan,LARIMER,890,2017.0
139,207.0359712230216,157,127.0,12.0,219.31496062992127,77.08333333333333,"PETTERSEN, BRITTANY",38465,Colorado Senate,Senate District 22,20175032723.0,Democratic,STATEWIDE,510,2017.0
157,236.0600636942675,161,130.0,27.0,250.011,168.88888888888889,"WOODWARD, ROB",38396,Colorado Senate,Senate District 15,20175032767.0,Republican,STATEWIDE,1998,2017.0
125,220.02,147,57.0,68.0,273.20175438596493,175.44117647058823,"TIPPER, KERRY",38298,Colorado House,House District 28,20175032858.0,Democratic,STATEWIDE,1068,2017.0
9,170.3988888888889,10,8.0,1.0,188.79000000000002,23.27,"BARBER, JANE",37509,SCHOOL BOARD DIRECTOR,ADAMS-ARAPAHOE 28J,20175032880.0,Non-Partisan,ARAPAHOE,442,2017.0
4,140.0,5,2.0,2.0,262.5,17.5,"GUZMAN-SAIS, INDIRA",38051,SCHOOL BOARD DIRECTOR,SHERIDAN 2,20175032934.0,Non-Partisan,ARAPAHOE,1065,2017.0
12,68.33333333333333,12,11.0,1.0,65.45454545454545,100.0,"CALHOUN, DOTTI",38530,SCHOOL BOARD DIRECTOR,PUEBLO CITY 60,20175032935.0,Non-Partisan,PUEBLO,624,2017.0
12,68.33333333333333,12,11.0,1.0,65.45454545454545,100.0,"CALHOUN, DOTTI",37922,SCHOOL BOARD DIRECTOR,PUEBLO CITY 60,20175032935.0,Non-Partisan,PUEBLO,1741,2017.0
12,68.33333333333333,12,11.0,1.0,65.45454545454545,100.0,"CALHOUN, DOTTI",37593,SCHOOL BOARD DIRECTOR,PUEBLO CITY 60,20175032935.0,Non-Partisan,PUEBLO,1741,2017.0
3,66.66666666666667,3,2.0,1.0,50.0,100.0,"SCHUSTER, MICHAEL",37589,Commissioner,Commissioner Dist. 3,20175033028.0,Democratic,PUEBLO,2000,2017.0
12,116.25,12,8.0,4.0,111.875,125.0,"CASSELL, JENNIFER",38368,SCHOOL BOARD DIRECTOR,CLEAR CREEK RE-1,20175033034.0,Non-Partisan,CLEAR CREEK,2725,2017.0
6,84.0,6,5.0,1.0,96.8,20.0,"STANGE, DANIEL",38045,SCHOOL BOARD DIRECTOR,SHERIDAN 2,20175033072.0,Non-Partisan,ARAPAHOE,1065,2017.0
4,802.8825,4,2.0,2.0,1605.765,0.0,"MARQUIS, CHRISTINA",36929,SCHOOL BOARD DIRECTOR,BOULDER VALLEY RE 2,20175033114.0,Non-Partisan,BOULDER,165,2017.0
28,129.89642857142857,32,15.0,13.0,146.47333333333333,110.76923076923077,"THORN, GABRIEL",37993,Colorado House,House District 05,20175033115.0,Democratic,STATEWIDE,126,2017.0
1011,1012.1636894164194,1085,639.0,372.0,1103.5719718309858,855.1478494623656,"STAPLETON, WALKER",38811,Governor,,20175033116.0,Republican,STATEWIDE,41,2017.0
35,136.05142857142857,36,22.0,13.0,168.4909090909091,81.15384615384616,"MCINTIRE, PATRICK",38848,Colorado Senate,Senate District 11,20175033151.0,Republican,STATEWIDE,1567,2017.0
33,116.51515151515152,34,32.0,1.0,113.90625,200.0,"KEFALAS, JOHN",38879,Commissioner,Commissioner Dist. 1,20175033175.0,Democratic,LARIMER,2556,2017.0
22,129.90727272727273,23,21.0,1.0,131.33142857142857,100.0,"IRWIN, LOUIS",38900,Colorado House,House District 05,20175033176.0,Democratic,STATEWIDE,126,2017.0
59,108.22406779661017,64,28.0,31.0,85.54357142857144,128.70967741935485,"KOLKER, CHRISTOPHER",38843,Colorado House,House District 38,20175033182.0,Democratic,STATEWIDE,604,2017.0
4,200.0,4,2.0,2.0,100.0,300.0,"COMBEST, KEVIN",38728,SCHOOL BOARD DIRECTOR,ELIZABETH C-1,20175033188.0,Non-Partisan,ELBERT,1345,2017.0
9,195.66666666666666,15,8.0,1.0,201.375,150.0,"MORSE, NICHOLAS",38946,Colorado Senate,Senate District 15,20175033200.0,Republican,STATEWIDE,1998,2017.0
4,89.75,4,2.0,2.0,162.5,17.0,"CUEVAS FLORES, KARLA",38105,SCHOOL BOARD DIRECTOR,SHERIDAN 2,20175033217.0,Non-Partisan,ARAPAHOE,1065,2017.0
13,62.2,13,11.0,2.0,70.0,19.3,"SPODYAK, KATIE",37739,SCHOOL BOARD DIRECTOR,PLATTE CANYON 1,20175033226.0,Non-Partisan,PARK,1363,2017.0
454,472.720154185022,540,392.0,62.0,466.9463010204082,509.2258064516129,"WATSON, BRIAN",39010,State Treasurer,,20175033228.0,Republican,STATEWIDE,246,2017.0
5,64.898,10,3.0,2.0,96.49666666666667,17.5,"LUCK, STEPHANIE",39014,Colorado Senate,Senate District 02,20175033231.0,Republican,STATEWIDE,1058,2017.0
72,91.90277777777777,76,69.0,3.0,91.73913043478261,95.66666666666667,"CARAVEO, YADIRA",38939,Colorado House,House District 31,20175033243.0,Democratic,STATEWIDE,179,2017.0
759,98.12955204216074,828,550.0,209.0,105.34545454545454,79.14033492822968,"TANCREDO, THOMAS",39116,Governor,,20175033254.0,Republican,STATEWIDE,41,2017.0
311,114.48520900321545,334,299.0,12.0,111.72207357859533,183.33333333333334,"YOUNG, DAVID",39067,State Treasurer,,20175033256.0,Democratic,STATEWIDE,246,2017.0
40,166.063,41,37.0,3.0,166.01405405405404,166.66666666666666,"SNYDER, MARC",39109,Colorado House,House District 18,20175033284.0,Democratic,STATEWIDE,1789,2017.0
115,869.6404347826086,119,89.0,26.0,898.6589887640449,770.3076923076923,"COFFMAN, CYNTHIA",39147,Governor,,20175033290.0,Republican,STATEWIDE,41,2017.0
24,140.21916666666667,33,7.0,17.0,96.75142857142858,158.11764705882354,"WEISS, JONAH",39129,Colorado Senate,Senate District 34,20175033291.0,Democratic,STATEWIDE,1357,2017.0
24,140.21916666666667,33,7.0,17.0,96.75142857142858,158.11764705882354,"WEISS, JONAH",39133,Colorado Senate,Senate District 34,20175033291.0,Democratic,STATEWIDE,300,2017.0
274,795.9541970802919,293,264.0,10.0,809.266856060606,444.5,"BRAUCHLER, GEORGE",39209,Attorney General,,20175033299.0,Republican,STATEWIDE,545,2017.0
30,157.91066666666666,40,22.0,8.0,155.10545454545456,165.625,"CAGIN, SETH",39145,Colorado House,House District 58,20175033309.0,Democratic,STATEWIDE,788,2017.0
18,183.9672222222222,18,11.0,7.0,207.85545454545453,146.42857142857142,"SCHWAB, EDWARD ""MILO""",39197,Colorado Senate,Senate District 34,20175033311.0,Democratic,STATEWIDE,1847,2017.0
18,183.9672222222222,18,11.0,7.0,207.85545454545453,146.42857142857142,"SCHWAB, EDWARD ""MILO""",39201,Colorado Senate,Senate District 34,20175033311.0,Democratic,STATEWIDE,300,2017.0
9,257.77777777777777,9,7.0,2.0,252.85714285714286,275.0,"REYHER, JUDY",39239,Colorado House,House District 47,20175033327.0,Republican,STATEWIDE,1383,2017.0
35,131.0,38,18.0,17.0,118.61111111111111,144.11764705882354,"TITONE, BRIANNA",39262,Colorado House,House District 27,20175033343.0,Democratic,STATEWIDE,2695,2017.0
